Robot_Prototype,Weights,Archer,Bowler,Corner,Deviant,,,,,Weight set,,,,,,,,,,,,,,,,,,
Carrying Capacity,0.066666667,45,50,60,40,,,,Column1,1,2,3,4,5,Column2,,,,Archer,Bowler,Corner,Deviant,,,Archer,Bowler,Corner,Deviant
Battery Size,0.2,18,18,12,24,,,,Carrying Capacity,0.014880952,0.035714286,0.066666667,0.130718954,0.123809524,,,,1,0.9391715,0.6625,0.5663763,0,,0,1.00E+00,0.00E+00,0.00E+00,9.00E-08
Average Speed,0.133333333,6,4,4,10,,,,Average Speed,0.05952381,0.071428571,0.133333333,0.163398693,0.152380952,,,,2,0.8945003,0.5,0.3138833,0.25,,0.25,0.955349098,0.25,0.175675671,6.75E-08
Cost Per Unit,0.266666667,5210,6250,4500,7100,,,,Battery Size,0.241071429,0.214285714,0.2,0.166666667,0.171428571,,,,3,0.910698196,0.5,0.351351343,0.000000045,,0.5,0.910698196,0.5,0.351351343,0.000000045
Reliability,0.333333333,22,24,24,32,,,,Cost Per Unit,0.282738095,0.321428571,0.266666667,0.261437908,0.266666667,,,,4,0.8887133,0.5,0.2516792,0.3529412,,0.75,0.866047294,0.75,0.527027014,2.25E-08
,,,,,,,,,Reliability,0.401785714,0.357142857,0.333333333,0.277777778,0.285714286,,,,5,0.890792,0.5,0.254902,0.3333333,,1,0.8213964,1,0.7027027,0
